fold,heldout_mass_GeV,n_train_signal,n_train_background,n_test_signal,n_test_background,fold_auc
1,5,23467,32565,4915,6513,0.9905430238201116
2,10,23552,32565,4830,6513,0.9915213052156556
3,15,23303,32565,5079,6513,0.9902534579771956
4,20,23012,32565,5370,6513,0.9883119307867576
5,30,24399,32565,3983,5974,0.9843238601686899
6,50,24177,32565,4205,6307,0.9248299692299687
